id,text,label
266," Isabel baked 39 cupcakes for her school's bake sale. If her brother, Todd, ate 21 of them how many packages could she make if she put 3 cupcake in each package? ",
298," There are 25 students trying out for the school's trivia teams. If 15 of them didn't get picked for the team and the rest were put into 2 groups, how many students would be in each group? ",
116," John was trying to expand his game collection. He bought 21 games from a friend and bought 8 more at a garage sale. If 23 of the games didn't work, how many good games did he end up with? ",
66," Nancy and her mom were picking carrots from their garden. Nancy picked 38 and her mother picked 47. If only 71 of the carrots were good, how many bad carrots did they have? ",
322," Dave had to wash 29 short sleeve shirts and 11 long sleeve shirts before school. If he had only washed 35 of them by the time school started, how many did he not wash? ",
166," At lunch a waiter had 9 customers and 5 of them didn't leave a tip. If he got $8 each from the ones who did tip, how much money did he earn? ",
216," Oliver had 11 socks. If he threw away 4 old ones that didn't fit and bought 26 new ones, how many socks would he have? ",
238," The school cafeteria ordered 37 red apples and 45 green apples for students lunches. But, if only 51 students wanted fruit, how many extra did the cafeteria end up with? ",
117," At the arcade Edward won 9 tickets. If he spent 4 tickets on a beanie and later won 4 more tickets, how many would he have? ",
23," Tom bought 12 boxes of chocolate candy and gave 7 to his little brother. If each box has 6 pieces inside it, how many pieces did Tom still have? ",
182," The school cafeteria ordered 43 red apples and 32 green apples for students lunches. But, if only 2 students wanted fruit, how many extra did the cafeteria end up with? ",
73, Emily was planting vegetables in her garden. She started with 42 seeds and planted 36 of them in the big garden and in each of her small gardens put 2 seeds each. How many small gardens did Emily have? ,
375," Sam invited 9 friends to a birthday party, but 6 couldn't come. If he wanted to buy enough cupcakes so each person could have exactly 2, how many should he buy? ",
142," At the fair Adam bought 10 tickets. After riding the ferris wheel he had 3 tickets left. If each ticket cost 9 dollars, how much money did Adam spend riding the ferris wheel? ",
149," Bianca had 34 songs on her mp3 player. If she deleted 14 old songs from it and then added 44 new songs, how many songs does she have on her mp3 player? ",
91," A vase can hold 6 flowers. If you had 7 carnations and 47 roses, how many vases would you need to hold the flowers? ",
418," At the schools book fair Sam bought 13 adventure books and 17 mystery books. If 15 of the books were used, how many new books did he buy? ",
9," Roger was helping the cafeteria workers pick up lunch trays, but he could only carry 4 trays at a time. If he had to pick up 10 trays from one table and 2 trays from another, how many trips will he make? ",
48, A toy store had 4 giant stuffed bears in stock when they got another shipment with 10 bears in it. The put the bears onto shelves with 7 on each shelf. How many shelves did they use? ,
398," Mike had 15 video games but 9 of them weren't working. If he wanted to sell the working games for $5 each, how much money could he earn? ",
405," For Halloween Katie and her sister combined the candy they received. Katie had 10 pieces of candy while her sister had 6. If they ate 9 pieces the first night, how many pieces do they have left? ",
369," A pet shelter had 3 puppies when another 3 were brought in. If 3 puppies a day are adopted, how long would it take for all of them to be adopted? ",
196," There were 8 friends playing a video game online when 3 players quit. If each player left had 3 lives, how many lives did they have total? ",
313, A pet store had 15 siamese cats and 49 house cats. During a sale they sold 19 cats. How many cats do they have left? ,
356," At the town carnival Oliver rode the ferris wheel 7 times and the bumper cars 3 times. If each ride cost 3 tickets, how many tickets did he use? ",
68," For the school bake sale Katie made 26 cupcakes. If she sold 20 of them and then made 20 more, how many cupcakes would she have? ",
332," At the arcade, Jerry won 29 tickets playing 'whack a mole' and 17 tickets playing 'skee ball'. If he spent 12 of his tickets on a hat, how many tickets does Jerry have left? ",
379," Robin uploaded 35 pictures from her phone and 5 from her camera to facebook. If she sorted the pics into 5 different albums with the same amount of pics in each album, how many pictures were in each of the albums? ",
154," A florist had 37 roses. If she sold 16 of them and then later picked 19 more, how many roses would she have? ",
267, A store had 31 oranges in a bin. If they threw away 9 of the old ones and put 38 new ones in the bin how many would be in the bin? ,
200," Katie picked 3 tulips and 9 roses to make flower bouquets. If she only used 10 of the flowers though, how many extra flowers did Katie pick? ",
29, A pet store had 41 siamese cats and 28 house cats. During a sale they sold 15 cats. How many cats do they have left? ,
135," A trivia team had 7 members total, but during a game 2 members didn't show up. If each member that did show up scored 4 points, how many points were scored total? ",
201, A pet store had 64 puppies. In one day they sold 28 of them and put the rest into cages with 4 in each cage. How many cages did they use? ,
174," At the arcade Dave won 11 tickets. If he spent 5 tickets on a beanie and later won 10 more tickets, how many would he have? ",
56," Jerry had 7 action figures, but needed 16 total for a complete collection. If each one costs $8, how much money would he need to finish his collection? ",
137," Nancy had 101 homework problems. She finished 47 of them but still had 6 pages of problems to do. If each page has the same number of problems on it, how many problems are on each page? ",
321," Sam was collecting cans for recycling. On Saturday he filled 4 bags up and on Sunday he filled 3 more bags. If each bag had 6 cans in it, how many cans did he pick up total? ",
252," The cafeteria had 62 apples. For lunch they handed out 8 to students and decided to use the rest to make pies. If each pie takes 9 apples, how many pies could they make? ",
60," Isabel uploaded 2 pictures from her phone and 4 from her camera to facebook. If she sorted the pics into 3 different albums with the same amount of pics in each album, how many pictures were in each of the albums? ",
16," A magician was selling magic card decks for 9 dollars each. If he started with 12 decks and by the end of the day he had 7 left, how much money did he earn? ",
205," Janet was playing a video game and had 47 lives. In a hard part of the game she lost 23 lives. If she got 46 more lives in the next level, how many lives would she have? ",
79, Chloe was unboxing some of her old winter clothes. She found 4 boxes of clothing and inside each box there were 2 scarves and 6 mittens. How many pieces of winter clothing did Chloe have total? ,
109, Paige had 27 files on her computer. She deleted 9 of them and put the rest into folders with 6 files in each one. How many folders did Paige end up with? ,
21," Mike invited 13 friends to a birthday party, but 7 couldn't come. If he wanted to buy enough cupcakes so each person could have exactly 4, how many should he buy? ",
382," John had 6 action figures, but needed 11 total for a complete collection. If each one costs $6, how much money would he need to finish his collection? ",
312, A group of 3 friends went into a restaurant. The chef already had 6 chicken wings cooked but cooked 3 more for the group. If they each got the same amount how many would each person get? ,
256," Lana picked 36 tulips and 37 roses to make flower bouquets. If she only used 70 of the flowers though, how many extra flowers did Lana pick? ",
133," Paul had saved up 4 dollars. If he received another 11 dollars for his allowance, how many 5 dollar toys could he buy? ",
180," For the school bake sale Robin made 42 cupcakes. If she sold 22 of them and then made 39 more, how many cupcakes would she have? ",
377," Adam had 5 dollars. At the store he spent $2 on a new game. If he got another 5 dollars for his allowance, how much money does he have now? ",
413," The cafeteria had 47 apples. For lunch they handed out 27 to students and decided to use the rest to make pies. If each pie takes 4 apples, how many pies could they make? ",
32," Luke made 9 dollars mowing lawns and 18 dollars weed eating. If he only spent 3 dollar a week, how long would the money last him? ",
67," While playing at the arcade, Luke won 2 tickets playing 'whack a mole' and 13 tickets playing 'skee ball'. If he was trying to buy candy that cost 3 tickets a piece, how many could he buy? ",
249," Kaleb had 10 video games but 8 of them weren't working. If he wanted to sell the working games for $6 each, how much money could he earn? ",
178," At Tom's Restaurant a group with 2 adults and 5 children came in to eat. If each meal cost 8 dollars, how much was the bill? ",
203," A worksheet had 3 problems on it. If a teacher had 15 worksheets to grade and had already graded 7 of them, how many more problems does she have to grade? ",
365," Debby's class is going on a field trip to the zoo. If each van can hold 9 people and there are 40 students and 14 adults going, how many vans will they need? ",
92," There were 8 friends playing a video game online when 5 players quit. If each player left had 5 lives, how many lives did they have total? ",
378," At lunch a waiter had 7 customers and 4 of them didn't leave a tip. If he got $9 each from the ones who did tip, how much money did he earn? ",
167," There were 13 friends playing a video game online when 8 players quit. If each player left had 6 lives, how many lives did they have total? ",
17," Katie uploaded 30 pictures from her phone and 51 from her camera to facebook. If she sorted the pics into 9 different albums with the same amount of pics in each album, how many pictures were in each of the albums? ",
103," Each chocolate bar in a box cost $3. If a box had 7 bars total and Olivia sold all but 4 bars, how much money would she have made? ",
301," A painter needed to paint 11 rooms in a building. Each room takes 7 hours to paint. If he already painted 2 rooms, how much longer will he take to paint the rest? ",
22," Maria was making baggies of cookies with 5 cookies in each bag. If she had 33 chocolate chip cookies and 2 oatmeal cookies, how many baggies could she make? ",
202, In fourth grade there were 40 students at the start of the year. During the year 14 students left and 26 new students came to school. How many students were in fourth grade at the end? ,
26," Bianca's team won their dodgeball game and scored 75 points total. If Bianca scored 45 of the points and everyone else scored 6 points each, how many players were on her team? ",
354," While playing a trivia game, Mike answered 3 questions correct in the first half and 5 questions correct in the second half. If each question was worth 3 points, what was his final score? ",
404," At the fair there were 10 people in line for the bumper cars. If 2 of them got tired of waiting and left and 2 more got in line, how many people would be in line? ",
185," Will was organizing his baseball cards in a binder with 3 on each page. If he had 8 new cards and 10 old cards to put in the binder, how many pages would he use? ",
341, Haley was planting vegetables in her garden. She started with 56 seeds and planted 35 of them in the big garden and in each of her small gardens put 3 seeds each. How many small gardens did Haley have? ,
319," While playing at the arcade, Edward won 3 tickets playing 'whack a mole' and 5 tickets playing 'skee ball'. If he was trying to buy candy that cost 4 tickets a piece, how many could he buy? ",
190," At a restaurant each adult meal costs $3 and kids eat free. If a group of 12 people came in and 7 were kids, how much would it cost for the group to eat? ",
243, Sarah was planting vegetables in her garden. She started with 21 seeds and planted 12 of them in the big garden and in each of her small gardens put 3 seeds each. How many small gardens did Sarah have? ,
8," April's discount flowers was having a sale where each rose was 9 dollars. If April started with 11 roses and had 8 roses left, how much money did she earn? ",
212," Chloe was organizing her book case making sure each of the shelves had exactly 6 books on it. If she had 5 shelves of mystery books and 4 shelves of picture books, how many books did she have total? ",
218," A waiter had 5 tables he was waiting on, with 5 women and 3 men at each table. How many customers total did the waiter have? ",
290," A pet shelter had 17 puppies when another 55 were brought in. If 8 puppies a day are adopted, how long would it take for all of them to be adopted? ",
309," Frank had saved up 3 dollars. If he received another 37 dollars for his allowance, how many 8 dollar toys could he buy? ",
220, Lana was unboxing some of her old winter clothes. She found 4 boxes of clothing and inside each box there were 2 scarves and 6 mittens. How many pieces of winter clothing did Lana have total? ,
355, Edward and his friend were buying trick decks from the magic shop for 6 dollars each. How much did they spend if Edward bought 3 decks and his friend bought 6 decks? ,
226," Bianca picked 23 carrots from her garden. If she threw out 10 of them and then picked 47 more the next day, how many carrots would she have total? ",
82," A teacher had 6 worksheets to grade. If she graded 4, but then another 18 were turned in, how many worksheets would she have to grade? ",
63," Victor was helping the cafeteria workers pick up lunch trays, but he could only carry 7 trays at a time. If he had to pick up 23 trays from one table and 5 trays from another, how many trips will he make? ",
397, Bianca was planting vegetables in her garden. She started with 52 seeds and planted 40 of them in the big garden and in each of her small gardens put 2 seeds each. How many small gardens did Bianca have? ,
143, Wendy's old washing machine could only wash 8 pieces of clothing at a time. If she had to wash 39 shirts and 33 sweaters how many loads would she have to do? ,
132," A painter needed to paint 12 rooms in a building. Each room takes 3 hours to paint. If he already painted 4 rooms, how much longer will he take to paint the rest? ",
98," Zoe had 42 bottles of water in her fridge. If she drank 25 of them and then bought 30 more, how many bottles would she have? ",
41," Each chocolate bar in a box cost $4. If a box had 8 bars total and Emily sold all but 3 bars, how much money would she have made? ",
325," Ned was helping the cafeteria workers pick up lunch trays, but he could only carry 5 trays at a time. If he had to pick up 5 trays from one table and 5 trays from another, how many trips will he make? ",
119," Faye had 46 math problems and 9 science problems for homework. If she finished 40 of the problems at school, how many problems did she have to do for homework? ",
70, Nancy uploaded 51 pictures to Facebook. She put 11 pics into one album and put the rest into 8 different albums. How many pictures were in each album? ,
324," A waiter had 6 tables he was waiting on, with 3 women and 5 men at each table. How many customers total did the waiter have? ",
248," For the school bake sale Bianca made 14 cupcakes. If she sold 6 of them and then made 17 more, how many cupcakes would she have? ",
411," Billy was organizing his baseball cards in a binder with 5 on each page. If he had 3 new cards and 42 old cards to put in the binder, how many pages would he use? ",
235," At Billy's Restaurant a group with 2 adults and 5 children came in to eat. If each meal cost 3 dollars, how much was the bill? ",
264," Ned had 15 video games but 6 of them weren't working. If he wanted to sell the working games for $7 each, how much money could he earn? ",
111, A pet store had 56 puppies. In one day they sold 24 of them and put the rest into cages with 4 in each cage. How many cages did they use? ,
160," While shopping for music online, Zoe bought 3 country albums and 5 pop albums. Each album came with a lyric sheet and had 3 songs. How many songs did Zoe buy total? ",
286," A waiter had 9 tables he was waiting on, with 4 women and 3 men at each table. How many customers total did the waiter have? ",
285," While shopping for music online, Isabel bought 4 country albums and 5 pop albums. Each album came with a lyric sheet and had 8 songs. How many songs did Isabel buy total? ",
191, For Halloween Emily received 54 pieces of candy. She ate 33 pieces then placed the rest into piles with 7 in each pile. How many piles could she make? ,
188, A store had 34 oranges in a bin. If they threw away 20 of the old ones and put 13 new ones in the bin how many would be in the bin? ,
371, Edward was selling his old games. He started out with 35 but sold 19 of them. He packed the rest up putting 8 games into each box. How many boxes did he have to use? ,
219," At Oliver's Restaurant a group with 2 adults and 4 children came in to eat. If each meal cost 3 dollars, how much was the bill? ",
176, For homework Faye had 13 math problems and 2 spelling problems. If she can finish 3 problems in an hour how long will it take her to finish all the problems? ,
227," Luke was trying to expand his game collection. He bought 2 games from a friend and bought 2 more at a garage sale. If 2 of the games didn't work, how many good games did he end up with? ",
165," Zoe and her friends were recycling paper for their class. For every 8 pounds they recycled they earned one point. If Zoe recycled 25 pounds and her friends recycled 23 pounds, how many points did they earn? ",
175," Chloe picked 48 carrots from her garden. If she threw out 45 of them and then picked 42 more the next day, how many carrots would she have total? ",
246, Gwen bought two coloring books. One had 10 pictures and the other had 39. After one week she had already colored 13 of the pictures. How many pictures does she still have to color? ,
370," Jerry had 60 pieces of clothing to wash. He put 40 of them in one load, but decided to split the rest into 5 equal loads. How many pieces of clothing could go in each of the small loads? ",
275, A toy store had 5 giant stuffed bears in stock when they got another shipment with 7 bears in it. The put the bears onto shelves with 6 on each shelf. How many shelves did they use? ,
108, A store had 50 oranges in a bin. If they threw away 40 of the old ones and put 24 new ones in the bin how many would be in the bin? ,
45, In fourth grade there were 35 students at the start of the year. During the year 10 students left and 10 new students came to school. How many students were in fourth grade at the end? ,
157," Janet picked 4 tulips and 11 roses to make flower bouquets. If she only used 11 of the flowers though, how many extra flowers did Janet pick? ",
138," Luke had 47 pieces of clothing to wash. He put 17 of them in one load, but decided to split the rest into 5 equal loads. How many pieces of clothing could go in each of the small loads? ",
344," A chef needs to cook 16 potatoes. He has already cooked 7. If each potato takes 5 minutes to cook, how long will it take him to cook the rest? ",
281," Chloe baked 7 brownies, but needed 16 total for her party. If she used 6 cups of flour on each one, how much cups of flour does she still need? ",
259," Megan had 40 homework problems. She finished 26 of them but still had 2 pages of problems to do. If each page has the same number of problems on it, how many problems are on each page? ",
173," April's discount flowers was having a sale where each flower was 6 dollars. If Maria bought 7 roses and 3 daisies, how much did she spend? ",
228," There school's baseball team had 31 new players and 4 returning players. If the coach put them into groups with 7 players in each group, how many groups would there be? ",
39, Zoe bought two coloring books. One had 44 pictures and the other had 44. After one week she had already colored 20 of the pictures. How many pictures does she still have to color? ,
181," Bianca and her mom were picking carrots from their garden. Bianca picked 26 and her mother picked 15. If only 16 of the carrots were good, how many bad carrots did they have? ",
391, A toy store had 6 giant stuffed bears in stock when they got another shipment with 18 bears in it. The put the bears onto shelves with 6 on each shelf. How many shelves did they use? ,
183, George was working as a sacker at a grocery store where he made 5 dollars an hour. On Monday he worked 7 hours and on Tuesday he worked 2 hours. How much money did George make in those two days? ,
352," Jerry was helping the cafeteria workers pick up lunch trays, but he could only carry 8 trays at a time. If he had to pick up 9 trays from one table and 7 trays from another, how many trips will he make? ",
394," Oliver was organizing his baseball cards in a binder with 3 on each page. If he had 2 new cards and 10 old cards to put in the binder, how many pages would he use? ",
42," While shopping, Maria bought 40 green towels and 44 white towels. If she gave her mother 65 of them, how many towels did Maria end up with? ",
410," Edward started his own lawn mowing business. In the spring he made 2 dollars mowing lawns and in the summer he made 27 dollars. If he had to spend 5 dollars buying supplies, how much money did he end up with? ",
257, Roger had 29 dollars. For his birthday he got 20 more dollars but spent 34 on a new game. How much money does he have now? ,
395," Kaleb had 34 books. If he sold 17 of them and used the money he earned to buy 7 new books, how many books would Kaleb have? ",
304," In a video game, each enemy defeated gives you 8 points. If a level has 7 enemies total and you destroy all but 2 of them, how many points would you earn? ",
380," Oliver had to wash 39 short sleeve shirts and 47 long sleeve shirts before school. If he had only washed 20 of them by the time school started, how many did he not wash? ",
261," A pet shelter had 17 puppies when another 55 were brought in. If 8 puppies a day are adopted, how long would it take for all of them to be adopted? ",
358," Frank made 5 dollars mowing lawns and 58 dollars weed eating. If he only spent 7 dollar a week, how long would the money last him? ",
177," Roger earned 9 dollars for each lawn he mowed. If he had 14 lawns to mow, but forgot to mow 8 of them, how much money did he actually earn? ",
128," Frank had 11 dollars. At the store he spent $3 on a new game. If he got another 14 dollars for his allowance, how much money does he have now? ",
31, Edward was working as a sacker at a grocery store where he made 6 dollars an hour. On Monday he worked 3 hours and on Tuesday he worked 5 hours. How much money did Edward make in those two days? ,
53," A waiter had 9 tables he was waiting on, with 2 women and 6 men at each table. How many customers total did the waiter have? ",
146, A store had 48 coloring books in stock. They ended up putting them on sale and getting rid of 38 of them. The put the ones they still had onto shelves with 5 on each shelf. How many shelves did they use? ,
129," Zoe had 15 songs on her mp3 player. If she deleted 8 old songs from it and then added 50 new songs, how many songs does she have on her mp3 player? ",
1, Nancy uploaded 41 pictures to Facebook. She put 37 pics into one album and put the rest into 2 different albums. How many pictures were in each album? ,
263," Kaleb had saved up 21 dollars. If he received another 15 dollars for his allowance, how many 6 dollar toys could he buy? ",
186," A company invited 24 people to a luncheon, but 10 of them didn't show up. If the tables they had held 7 people each, how many tables do they need? ",
357," There are 36 students trying out for the school's trivia teams. If 9 of them didn't get picked for the team and the rest were put into 3 groups, how many students would be in each group? ",
237," Mike had 16 video games but 8 of them weren't working. If he wanted to sell the working games for $7 each, how much money could he earn? ",
242, Chloe was playing a trivia game. In the first round she scored 40 points and in the second round she scored 50 points. In the last round she lost 4 points. How many points did she have at the end of the game? ,
300," Edward made 37 dollars mowing lawns over the summer. If he spent 21 dollars buying new mower blades, how many 2 dollar games could he buy with the money he had left? ",
240, Debby bought two coloring books. One had 16 pictures and the other had 40. After one week she had already colored 33 of the pictures. How many pictures does she still have to color? ,
376, Nancy was planting vegetables in her garden. She started with 52 seeds and planted 28 of them in the big garden and in each of her small gardens put 4 seeds each. How many small gardens did Nancy have? ,
118," For Halloween Megan received 11 pieces of candy from neighbors and 5 pieces from her older sister. If she only ate 8 pieces a day, how long would the candy last her? ",
168," There school's baseball team had 4 new players and 6 returning players. If the coach put them into groups with 5 players in each group, how many groups would there be? ",
94," Edward earned 4 dollars for each lawn he mowed. If he had 17 lawns to mow, but forgot to mow 9 of them, how much money did he actually earn? ",
51," Katie was selling her necklaces at a garage sale. She sold 4 bead necklaces and 3 gem stone necklaces. If each necklace cost 3 dollars, how much money did she earn? ",
396, A toy store had 6 giant stuffed bears in stock when they got another shipment with 18 bears in it. The put the bears onto shelves with 6 on each shelf. How many shelves did they use? ,
364," There were 2 friends playing a video game online when 2 more players joined the game. If each player had 8 lives, how many lives did they have total? ",
110," Luke was organizing his baseball cards in a binder with 3 on each page. If he had 3 new cards and 9 old cards to put in the binder, how many pages would he use? ",
390," Kaleb had 39 pieces of clothing to wash. He put 19 of them in one load, but decided to split the rest into 5 equal loads. How many pieces of clothing could go in each of the small loads? ",
232," Tom had to wash 10 short sleeve shirts and 25 long sleeve shirts before school. If he had only washed 5 of them by the time school started, how many did he not wash? ",
215, A pet store had 78 puppies. In one day they sold 30 of them and put the rest into cages with 8 in each cage. How many cages did they use? ,
95," A worksheet had 2 problems on it. If a teacher had 14 worksheets to grade and had already graded 7 of them, how many more problems does she have to grade? ",
276," A waiter had 14 customers to wait on. If 3 customers left and he got another 39 customers, how many customers would he have? ",
346," There are 58 students trying out for the school's trivia teams. If 10 of them didn't get picked for the team and the rest were put into 8 groups, how many students would be in each group? ",
58," Gwen had 18 math problems and 11 science problems for homework. If she finished 24 of the problems at school, how many problems did she have to do for homework? ",
293," Paige had 8 songs on her mp3 player. If she deleted 5 old songs from it and then added 30 new songs, how many songs does she have on her mp3 player? ",
151, In fourth grade there were 4 students at the start of the year. During the year 3 students left and 42 new students came to school. How many students were in fourth grade at the end? ,
171, Megan had 93 files on her computer. She deleted 21 of them and put the rest into folders with 8 files in each one. How many folders did Megan end up with? ,
299," Each chocolate bar in a box cost $3. If a box had 9 bars total and Wendy sold all but 3 bars, how much money would she have made? ",
50," At lunch a waiter had 10 customers and 5 of them didn't leave a tip. If he got $3 each from the ones who did tip, how much money did he earn? ",
224, For Halloween Haley scored 33 pieces of candy. She ate 17 pieces the first night and then her sister gave her 19 more pieces. How many pieces of candy does Haley have now? ,
225," Rachel was organizing her book case making sure each of the shelves had exactly 9 books on it. If she had 6 shelves of mystery books and 2 shelves of picture books, how many books did she have total? ",
345," Emily was playing a video game and had 42 lives. In a hard part of the game she lost 25 lives. If she got 24 more lives in the next level, how many lives would she have? ",
310," While shopping for music online, Isabel bought 6 country albums and 2 pop albums. Each album came with a lyric sheet and had 9 songs. How many songs did Isabel buy total? ",
96," John had 5 dollars. At the store he spent $2 on a new game. If he got another 26 dollars for his allowance, how much money does he have now? ",
287," Debby's class is going on a field trip to the zoo. If each van can hold 4 people and there are 2 students and 6 adults going, how many vans will they need? ",
126," There were 9 girls and 14 boys trying out for the schools basketball team. If only 2 of them got called back, how many students didn't make the cut? ",
7," Cody bought 7 boxes of chocolate candy and 3 boxes of caramel candy. If each box has 8 pieces inside it, how much candy did he have total? ",
234," Rachel was playing a video game and had 10 lives. In a hard part of the game she lost 4 lives. If she got 26 more lives in the next level, how many lives would she have? ",
383, In fourth grade there were 33 students at the start of the year. During the year 18 students left and 14 new students came to school. How many students were in fourth grade at the end? ,
318," Sarah baked 38 cupcakes for her school's bake sale. If her brother, Todd, ate 14 of them how many packages could she make if she put 8 cupcake in each package? ",
140," There were 10 friends playing a video game online when 7 players quit. If each player left had 8 lives, how many lives did they have total? ",
348, A pet store had 41 siamese cats and 28 house cats. During a sale they sold 15 cats. How many cats do they have left? ,
393," Paige picked 53 flowers for her friendâ€™s wedding. She was making bouquets with 7 flowers in each one. If 18 of the flowers wilted before the wedding, how many bouquets could she still make? ",
27," Megan's class is going on a field trip to the zoo. If each van can hold 5 people and there are 25 students and 5 adults going, how many vans will they need? ",
141," Amy had 26 music files and 36 video files on her flash drive. If she deleted 48 of the files, how many files were still on her flash drive? ",
308," Wendy was playing a video game where she scores 5 points for each treasure she finds. If she found 4 treasures on the first level and 3 on the second, what would her score be? ",
113," Bianca earned 5 points for each bag of cans she recycled. If she had 17 bags, but didn't recycle 8 of them, how many points would she have earned? ",
169," Will invited 9 friends to a birthday party, but 4 couldn't come. If he wanted to buy enough cupcakes so each person could have exactly 8, how many should he buy? ",
366, In fourth grade there were 8 students at the start of the year. During the year 5 students left and 8 new students came to school. How many students were in fourth grade at the end? ,
131," Zoe baked 5 brownies, but needed 11 total for her party. If she used 7 cups of flour on each one, how much cups of flour does she still need? ",
258," Isabel was selling her necklaces at a garage sale. She sold 3 bead necklaces and 3 gem stone necklaces. If each necklace cost 6 dollars, how much money did she earn? ",
414," Haley and her mom were picking carrots from their garden. Haley picked 39 and her mother picked 38. If only 64 of the carrots were good, how many bad carrots did they have? ",
338," At the schools book fair Sam bought 13 adventure books and 17 mystery books. If 15 of the books were used, how many new books did he buy? ",
368," For Halloween Janet and her sister combined the candy they received. Janet had 34 pieces of candy while her sister had 33. If they ate 4 pieces the first night, how many pieces do they have left? ",
184," Edward had 43 books. If he sold 19 of them and used the money he earned to buy 14 new books, how many books would Edward have? ",
271, Lana was unboxing some of her old winter clothes. She found 3 boxes of clothing and inside each box there were 3 scarves and 4 mittens. How many pieces of winter clothing did Lana have total? ,
6," Bianca had 45 coloring books. If she gave away 6 of them, but then bought 20 more, how many would she have total? ",
193," A pet shelter had 9 puppies when another 12 were brought in. If 3 puppies a day are adopted, how long would it take for all of them to be adopted? ",
236," Maria was making baggies of cookies with 3 cookies in each bag. If she had 2 chocolate chip cookies and 16 oatmeal cookies, how many baggies could she make? ",
288," Haley and her friends were recycling paper for their class. For every 3 pounds they recycled they earned one point. If Haley recycled 11 pounds and her friends recycled 16 pounds, how many points did they earn? ",
86, Rachel bought two coloring books. One had 23 pictures and the other had 32. After one week she had already colored 44 of the pictures. How many pictures does she still have to color? ,
5," Each chocolate bar in a box cost $4. If a box had 11 bars total and Vanessa sold all but 7 bars, how much money would she have made? ",
317," There school's baseball team had 12 new players and 44 returning players. If the coach put them into groups with 8 players in each group, how many groups would there be? ",
112," At the town carnival Billy rode the ferris wheel 7 times and the bumper cars 3 times. If each ride cost 5 tickets, how many tickets did he use? ",
230," Isabel had 72 homework problems. She finished 32 of them but still had 5 pages of problems to do. If each page has the same number of problems on it, how many problems are on each page? ",
62," Tiffany was playing a video game and had 43 lives. In a hard part of the game she lost 14 lives. If she got 27 more lives in the next level, how many lives would she have? ",
81," Amy had 4 music files and 21 video files on her flash drive. If she deleted 23 of the files, how many files were still on her flash drive? ",
76," John had 5 action figures, but needed 7 total for a complete collection. If each one costs $5, how much money would he need to finish his collection? ",
372," Sam had saved up 8 dollars. If he received another 7 dollars for his allowance, how many 3 dollar toys could he buy? ",
144," A florist had 11 roses. If she sold 2 of them and then later picked 32 more, how many roses would she have? ",
336," There were 7 friends playing a video game online when 2 more players joined the game. If each player had 7 lives, how many lives did they have total? ",
164," The school cafeteria ordered 8 red apples and 43 green apples for students lunches. But, if only 42 students wanted fruit, how many extra did the cafeteria end up with? ",
217, A group of 3 friends went into a restaurant. The chef already had 6 chicken wings cooked but cooked 3 more for the group. If they each got the same amount how many would each person get? ,
416, For homework Amy had 18 math problems and 6 spelling problems. If she can finish 4 problems in an hour how long will it take her to finish all the problems? ,
136," In a video game, each enemy defeated gives you 5 points. If a level has 8 enemies total and you destroy all but 6 of them, how many points would you earn? ",
403," Tom bought 14 boxes of chocolate candy and gave 8 to his little brother. If each box has 3 pieces inside it, how many pieces did Tom still have? ",
265," Tom was putting his spare change into piles. He had 2 piles of quarters and 4 piles of dimes. If each pile had 5 coins in it, how many coins did he have total? ",
360," A new building needed 10 windows. The builder had already installed 6 of them. If it takes 5 hours to install each window, how long will it take him to install the rest? ",
359," At the fair there were 9 people in line for the bumper cars. If 6 of them got tired of waiting and left and 3 more got in line, how many people would be in line? ",
400," A waiter had 19 customers to wait on. If 14 customers left and he got another 36 customers, how many customers would he have? ",
305," Haley picked 28 carrots from her garden. If she threw out 11 of them and then picked 9 more the next day, how many carrots would she have total? ",
402, The schools debate team had 11 boys and 45 girls on it. If they were split into groups of 7 how many groups could they make? ,
407," Amy was playing a video game where she scores 4 points for each treasure she finds. If she found 6 treasures on the first level and 2 on the second, what would her score be? ",
250," George had 28 socks. If he threw away 4 old ones that didn't fit and bought 36 new ones, how many socks would he have? ",
104, Sarah's old washing machine could only wash 5 pieces of clothing at a time. If she had to wash 43 shirts and 2 sweaters how many loads would she have to do? ,
294," Maria had 14 bottles of water in her fridge. If she drank 8 of them and then bought 45 more, how many bottles would she have? ",
208," Haley had 27 music files and 42 video files on her flash drive. If she deleted 11 of the files, how many files were still on her flash drive? ",
314," Jerry is at the library helping put away books. There are 34 book to put away total but a librarian takes 7 of them and leaves Jerry with the rest. If he can fit 3 books on a shelf, how many shelves will he need? ",
389," A worksheet had 4 problems on it. If a teacher had 9 worksheets to grade and had already graded 5 of them, how many more problems does she have to grade? ",
134," Each chocolate bar in a box cost $2. If a box had 13 bars total and Rachel sold all but 4 bars, how much money would she have made? ",
297," April's discount flowers was having a sale where each flower was 3 dollars. If Robin bought 5 roses and 4 daisies, how much did she spend? ",
330," A new building needed 12 windows. The builder had already installed 6 of them. If it takes 4 hours to install each window, how long will it take him to install the rest? ",
274," Vanessa and her friends were recycling paper for their class. For every 9 pounds they recycled they earned one point. If Vanessa recycled 20 pounds and her friends recycled 16 pounds, how many points did they earn? ",
120," Adam earned 9 dollars for each lawn he mowed. If he had 12 lawns to mow, but forgot to mow 8 of them, how much money did he actually earn? ",
316," While on vacation, Megan took 15 pictures at the zoo and 18 at the museum. If she later deleted 31 of the pictures, how many pictures from her vacation did she still have? ",
351," A pet store has 6 bird cages. If each cage has 6 parrots and 2 parakeets in it, how many birds does the pet store have total? ",
80," Haley was playing a video game and had 14 lives. In a hard part of the game she lost 4 lives. If she got 36 more lives in the next level, how many lives would she have? ",
152," At the arcade Dave won 25 tickets. If he spent 22 tickets on a beanie and later won 15 more tickets, how many would he have? ",
25," A painter needed to paint 12 rooms in a building. Each room takes 7 hours to paint. If he already painted 5 rooms, how much longer will he take to paint the rest? ",
373," There were 30 girls and 36 boys trying out for the schools basketball team. If only 10 of them got called back, how many students didn't make the cut? ",
392," Will had 57 dollars. If he spent 27 bucks on a new game, how many 6 dollar toys could he buy with the money he had left? ",
30," John made 6 dollars mowing lawns and 18 dollars weed eating. If he only spent 3 dollar a week, how long would the money last him? ",
172," A teacher had 7 worksheets to grade. If she graded 2, but then another 46 were turned in, how many worksheets would she have to grade? ",
100, A store had 40 coloring books in stock. They ended up putting them on sale and getting rid of 20 of them. The put the ones they still had onto shelves with 4 on each shelf. How many shelves did they use? ,
326," While shopping, Emily bought 5 green towels and 30 white towels. If she gave her mother 26 of them, how many towels did Emily end up with? ",
350," The school cafeteria ordered 25 red apples and 17 green apples for students lunches. But, if only 10 students wanted fruit, how many extra did the cafeteria end up with? ",
75," At a restaurant each adult meal costs $5 and kids eat free. If a group of 15 people came in and 8 were kids, how much would it cost for the group to eat? ",
385," Vanessa had 13 music files and 30 video files on her flash drive. If she deleted 10 of the files, how many files were still on her flash drive? ",
251," At the arcade, Tom won 32 tickets playing 'whack a mole' and 25 tickets playing 'skee ball'. If he spent 7 of his tickets on a hat, how many tickets does Tom have left? ",
335," Mike made 101 dollars mowing lawns over the summer. If he spent 47 dollars buying new mower blades, how many 6 dollar games could he buy with the money he had left? ",
28, Tom and his friend were buying trick decks from the magic shop for 8 dollars each. How much did they spend if Tom bought 3 decks and his friend bought 5 decks? ,
363," At the fair there were 30 people in line for the bumper cars. If 10 of them got tired of waiting and left and 5 more got in line, how many people would be in line? ",
11," Tiffany was playing a video game where she scores 6 points for each treasure she finds. If she found 3 treasures on the first level and 5 on the second, what would her score be? ",
122, Oliver had 35 dollars. For his birthday he got 50 more dollars but spent 84 on a new game. How much money does he have now? ,
342," At a restaurant each adult meal costs $2 and kids eat free. If a group of 15 people came in and 9 were kids, how much would it cost for the group to eat? ",
254," A waiter had 21 customers in his section. If 12 of them left and the rest of his tables had 3 people at each table, how many tables did he have? ",
189, A pet store had 18 puppies. In one day they sold 3 of them and put the rest into cages with 5 in each cage. How many cages did they use? ,
233," Luke had 48 dollars in January. By March he had spent 11 dollars. If he got another 21 dollars from his mom, how much money would he have? ",
214," Edward was trying to expand his game collection. He bought 41 games from a friend and bought 14 more at a garage sale. If 31 of the games didn't work, how many good games did he end up with? ",
417, Emily was playing a trivia game. In the first round she scored 16 points and in the second round she scored 33 points. In the last round she lost 48 points. How many points did she have at the end of the game? ,
213, For the school bake sale Amy made pastries. She baked 15 cupcakes and 48 cookies. After the sale she had 12 to take back home. How many pastries did she sell? ,
401," At the fair Kaleb bought 6 tickets. After riding the ferris wheel he had 3 tickets left. If each ticket cost 9 dollars, how much money did Kaleb spend riding the ferris wheel? ",
97, Bianca uploaded 33 pictures to Facebook. She put 27 pics into one album and put the rest into 3 different albums. How many pictures were in each album? ,
139, Dave was working as a sacker at a grocery store where he made 6 dollars an hour. On Monday he worked 6 hours and on Tuesday he worked 2 hours. How much money did Dave make in those two days? ,
33," A pet store has 8 bird cages. If each cage has 2 parrots and 7 parakeets in it, how many birds does the pet store have total? ",
253," A teacher had 29 worksheets to grade. If she graded 25, but then another 29 were turned in, how many worksheets would she have to grade? ",
195, For the school bake sale Wendy made pastries. She baked 4 cupcakes and 29 cookies. After the sale she had 24 to take back home. How many pastries did she sell? ,
47," Dave was helping the cafeteria workers pick up lunch trays, but he could only carry 9 trays at a time. If he had to pick up 17 trays from one table and 55 trays from another, how many trips will he make? ",
115," There were 17 girls and 32 boys trying out for the schools basketball team. If only 10 of them got called back, how many students didn't make the cut? ",
3," Will bought 7 boxes of chocolate candy and gave 3 to his little brother. If each box has 4 pieces inside it, how many pieces did Will still have? ",
19," Haley and her friends were recycling paper for their class. For every 3 pounds they recycled they earned one point. If Haley recycled 11 pounds and her friends recycled 16 pounds, how many points did they earn? ",
334," The school cafeteria ordered 33 red apples and 23 green apples for students lunches. But, if only 21 students wanted fruit, how many extra did the cafeteria end up with? ",
15," A waiter had 33 customers to wait on. If 31 customers left and he got another 26 customers, how many customers would he have? ",
57," Sarah had 4 pages of math homework and 6 pages of reading homework. If each page had 4 problems on it, how many problems did she have to complete total? ",
37," A magician was selling magic card decks for 7 dollars each. If he started with 16 decks and by the end of the day he had 8 left, how much money did he earn? ",
337, For the school bake sale Paige made pastries. She baked 36 cupcakes and 9 cookies. After the sale she had 4 to take back home. How many pastries did she sell? ,
283," Dave had 10 video games but 2 of them weren't working. If he wanted to sell the working games for $4 each, how much money could he earn? ",
153, A store had 27 coloring books in stock. They ended up putting them on sale and getting rid of 6 of them. The put the ones they still had onto shelves with 7 on each shelf. How many shelves did they use? ,
295, The schools debate team had 28 boys and 4 girls on it. If they were split into groups of 4 how many groups could they make? ,
0," There are 64 students trying out for the school's trivia teams. If 36 of them didn't get picked for the team and the rest were put into 4 groups, how many students would be in each group? ",
269," Megan was organizing her book case making sure each of the shelves had exactly 7 books on it. If she had 8 shelves of mystery books and 2 shelves of picture books, how many books did she have total? ",
127," Frank was collecting cans for recycling. On Saturday he filled 5 bags up and on Sunday he filled 3 more bags. If each bag had 5 cans in it, how many cans did he pick up total? ",
179, For Halloween Sarah received 108 pieces of candy. She ate 36 pieces then placed the rest into piles with 9 in each pile. How many piles could she make? ,
90," Kaleb was collecting cans for recycling. On Saturday he filled 4 bags up and on Sunday he filled 6 more bags. If each bag had 4 cans in it, how many cans did he pick up total? ",
409, A pet store had 36 siamese cats and 18 house cats. During a sale they sold 26 cats. How many cats do they have left? ,
289," Roger had 45 dollars in January. By March he had spent 20 dollars. If he got another 46 dollars from his mom, how much money would he have? ",
85, For the school bake sale Wendy made pastries. She baked 41 cupcakes and 31 cookies. After the sale she had 32 to take back home. How many pastries did she sell? ,
59," While playing at the arcade, Ned won 26 tickets playing 'whack a mole' and 19 tickets playing 'skee ball'. If he was trying to buy candy that cost 9 tickets a piece, how many could he buy? ",
14," Olivia was playing a video game where she scores 8 points for each treasure she finds. If she found 2 treasures on the first level and 2 on the second, what would her score be? ",
20," Roger had 68 dollars. If he spent 47 bucks on a new game, how many 7 dollar toys could he buy with the money he had left? ",
155," The school cafeteria ordered 33 red apples and 23 green apples for students lunches. But, if only 21 students wanted fruit, how many extra did the cafeteria end up with? ",
292," A trivia team had 15 members total, but during a game 6 members didn't show up. If each member that did show up scored 3 points, how many points were scored total? ",
130," A company invited 45 people to a luncheon, but 35 of them didn't show up. If the tables they had held 2 people each, how many tables do they need? ",
162, A pet store had 19 siamese cats and 45 house cats. During a sale they sold 56 cats. How many cats do they have left? ,
307," There are 17 students trying out for the school's trivia teams. If 5 of them didn't get picked for the team and the rest were put into 3 groups, how many students would be in each group? ",
399," A painter needed to paint 9 rooms in a building. Each room takes 8 hours to paint. If he already painted 5 rooms, how much longer will he take to paint the rest? ",
52," A trivia team had 12 members total, but during a game 4 members didn't show up. If each member that did show up scored 8 points, how many points were scored total? ",
78, Lana's favorite band was holding a concert where tickets were 6 dollars each. Lana bought 8 tickets for herself and her friends and 2 extra tickets in case anyone else wanted to go. How much did she spend? ,
150," A pet store has 9 bird cages. If each cage has 2 parrots and 2 parakeets in it, how many birds does the pet store have total? ",
163," Gwen was organizing her book case making sure each of the shelves had exactly 9 books on it. If she had 3 shelves of mystery books and 5 shelves of picture books, how many books did she have total? ",
270, Kaleb was selling his old games. He started out with 76 but sold 46 of them. He packed the rest up putting 5 games into each box. How many boxes did he have to use? ,
89," At a restaurant each adult meal costs $2 and kids eat free. If a group of 9 people came in and 2 were kids, how much would it cost for the group to eat? ",
198, For homework Nancy had 17 math problems and 15 spelling problems. If she can finish 8 problems in an hour how long will it take her to finish all the problems? ,
77," Paul bought 6 boxes of chocolate candy and 4 boxes of caramel candy. If each box has 9 pieces inside it, how much candy did he have total? ",
367," Ned was trying to expand his game collection. He bought 11 games from a friend and bought 22 more at a garage sale. If 19 of the games didn't work, how many good games did he end up with? ",
303," For the school bake sale Chloe made 28 cupcakes. If she sold 25 of them and then made 8 more, how many cupcakes would she have? ",
38," Adam bought 13 boxes of chocolate candy and gave 7 to his little brother. If each box has 6 pieces inside it, how many pieces did Adam still have? ",
381, A store had 5 oranges in a bin. If they threw away 2 of the old ones and put 28 new ones in the bin how many would be in the bin? ,
239," Wendy picked 45 flowers for her friendâ€™s wedding. She was making bouquets with 5 flowers in each one. If 35 of the flowers wilted before the wedding, how many bouquets could she still make? ",
374," The school cafeteria ordered 42 red apples and 7 green apples for students lunches. But, if only 9 students wanted fruit, how many extra did the cafeteria end up with? ",
36," A vase can hold 5 flowers. If you had 6 carnations and 19 roses, how many vases would you need to hold the flowers? ",
159," Janet was playing a video game and had 38 lives. In a hard part of the game she lost 16 lives. If she got 32 more lives in the next level, how many lives would she have? ",
147," Faye was selling her necklaces at a garage sale. She sold 3 bead necklaces and 7 gem stone necklaces. If each necklace cost 7 dollars, how much money did she earn? ",
187," While playing a trivia game, Adam answered 5 questions correct in the first half and 5 questions correct in the second half. If each question was worth 5 points, what was his final score? ",
206," A waiter had 44 customers in his section. If 12 of them left and the rest of his tables had 8 people at each table, how many tables did he have? ",
384," Paige's team won their dodgeball game and scored 41 points total. If Paige scored 11 of the points and everyone else scored 6 points each, how many players were on her team? ",
197," A new building needed 14 windows. The builder had already installed 5 of them. If it takes 4 hours to install each window, how long will it take him to install the rest? ",
61," Katie's team won their dodgeball game and scored 12 points total. If Katie scored 4 of the points and everyone else scored 4 points each, how many players were on her team? ",
209," The school cafeteria had 12 apples. If they used 8 to make lunch for the students and then bought 19 more, how many apples would they have? ",
114," A florist had 6 roses. If she sold 5 of them and then later picked 12 more, how many roses would she have? ",
222," Paul made 3 dollars mowing lawns and 3 dollars weed eating. If he only spent 3 dollar a week, how long would the money last him? ",
34," While on vacation, Debby took 24 pictures at the zoo and 12 at the museum. If she later deleted 14 of the pictures, how many pictures from her vacation did she still have? ",
361," Olivia uploaded 5 pictures from her phone and 35 from her camera to facebook. If she sorted the pics into 8 different albums with the same amount of pics in each album, how many pictures were in each of the albums? ",
328," Oliver made 35 dollars mowing lawns over the summer. If he spent 7 dollars buying new mower blades, how many 4 dollar games could he buy with the money he had left? ",
84, Wendy uploaded 45 pictures to Facebook. She put 27 pics into one album and put the rest into 9 different albums. How many pictures were in each album? ,
40, For Halloween Robin scored 23 pieces of candy. She ate 7 pieces the first night and then her sister gave her 21 more pieces. How many pieces of candy does Robin have now? ,
245, A store had 120 coloring books in stock. They ended up putting them on sale and getting rid of 39 of them. The put the ones they still had onto shelves with 9 on each shelf. How many shelves did they use? ,
199, Henry had 11 dollars. For his birthday he got 18 more dollars but spent 10 on a new game. How much money does he have now? ,
102," At the fair there were 12 people in line for the bumper cars. If 10 of them got tired of waiting and left and 15 more got in line, how many people would be in line? ",
192," Ned bought 14 boxes of chocolate candy and gave 7 to his little brother. If each box has 6 pieces inside it, how many pieces did Ned still have? ",
223," A waiter at 'The Greasy Spoon' restaurant had 29 customers to wait on. During the lunch rush he added another 20 customers. If 34 of the customers didn't leave him a tip, how many customers did leave a tip? ",
362," Tom had 57 dollars. If he spent 49 bucks on a new game, how many 4 dollar toys could he buy with the money he had left? ",
18," Will had 83 dollars. If he spent 47 bucks on a new game, how many 4 dollar toys could he buy with the money he had left? ",
44," There were 2 friends playing a video game online when 2 more players joined the game. If each player had 3 lives, how many lives did they have total? ",
43," Each chocolate bar in a box cost $6. If a box had 13 bars total and Zoe sold all but 6 bars, how much money would she have made? ",
388," A company invited 18 people to a luncheon, but 12 of them didn't show up. If the tables they had held 3 people each, how many tables do they need? ",
